epoch,accuracy,learning_rate,loss,val_accuracy,val_loss
0,0.7917780876159668,4.999999873689376e-05,0.610912561416626,0.8677262663841248,0.4832713007926941
1,0.6875,4.999999873689376e-05,0.6905492544174194,0.7916666865348816,0.5448708534240723
