epoch,accuracy,learning_rate,loss,val_accuracy,val_loss
0,0.7917780876159668,4.999999873689376e-05,0.610912561416626,0.8677262663841248,0.4832713007926941
1,0.6875,4.999999873689376e-05,0.6905492544174194,0.7916666865348816,0.5448708534240723
2,0.8053662180900574,4.999999873689376e-05,0.5690476298332214,0.8558728694915771,0.48398083448410034
3,0.8125,2.499999936844688e-05,0.5859906673431396,0.875,0.3974672853946686
4,0.810542643070221,2.499999936844688e-05,0.5402072072029114,0.852909505367279,0.46866658329963684
5,0.6875,2.499999936844688e-05,0.6522970199584961,0.75,0.5287730693817139
